-- phpMyAdmin SQL Dump
-- version 4.9.0.1
-- https://www.phpmyadmin.net/
--
-- Host: 127.0.0.1
-- Generation Time: Nov 29, 2020 at 08:42 PM
-- Server version: 10.4.6-MariaDB
-- PHP Version: 7.3.9

SET SQL_MODE = "NO_AUTO_VALUE_ON_ZERO";
SET AUTOCOMMIT = 0;
START TRANSACTION;
SET time_zone = "+00:00";


/*!40101 SET @OLD_CHARACTER_SET_CLIENT=@@CHARACTER_SET_CLIENT */;
/*!40101 SET @OLD_CHARACTER_SET_RESULTS=@@CHARACTER_SET_RESULTS */;
/*!40101 SET @OLD_COLLATION_CONNECTION=@@COLLATION_CONNECTION */;
/*!40101 SET NAMES utf8mb4 */;

--
-- Database: `delivery`
--

DELIMITER $$
--
-- Procedures
--
CREATE DEFINER=`root`@`localhost` PROCEDURE `CostChargedByService` (IN `shipment_id` INT)  NO SQL
SELECT transportation.type, SUM(transportation.cost_per_km) as Total FROM deliverylogs JOIN transportation ON
deliverylogs.transportation_id = transportation._id && deliverylogs.package_id = shipment_id$$

CREATE DEFINER=`root`@`localhost` PROCEDURE `findCustomersForDamagedTransport` (IN `truck_id` VARCHAR(100), IN `time` DATE)  BEGIN
SELECT users.FirstName FROM deliverylogs JOIN transactions ON deliverylogs.package_id = transactions.shipment_id JOIN users ON transactions.customer_id = users._id JOIN transportation ON transportation._id = deliverylogs.transportation_id
WHERE transportation.identification_code = truck_id && deliverylogs.starting_time < time;
END$$

CREATE DEFINER=`root`@`localhost` PROCEDURE `findLastSuccessfulDeliveryByVehicle` (IN `vehicle_id` VARCHAR(100), IN `time` DATE)  BEGIN
SELECT shipment.package_id, shipment.cust_id_from, shipment.receiver_id, shipment.delivery_status_code, shipment.package_weight, shipment.package_type, shipment.timeline, shipment.cost, shipment.prepaid, shipment.ordered_at, shipment.delivered_at, shipment.destination_address_id FROM deliverylogs JOIN transportation ON deliverylogs.transportation_id = transportation._id
JOIN shipment ON shipment.package_id = deliverylogs.package_id
WHERE deliverylogs.starting_time < time && transportation.identification_code = vehicle_id
ORDER BY deliverylogs.starting_time
LIMIT 1;
END$$

CREATE DEFINER=`root`@`localhost` PROCEDURE `findReceiversFromDamagedTransport` (IN `vehicle_id` VARCHAR(100), IN `time` DATE)  BEGIN 
	SELECT receivers.name FROM deliverylogs JOIN shipment ON deliverylogs.package_id = shipment.package_id JOIN receivers ON receivers._id = shipment.receiver_id JOIN transportation ON transportation._id = deliverylogs.transportation_id
    WHERE transportation.identification_code = vehicle_id && deliverylogs.starting_time < time; 
END$$

CREATE DEFINER=`root`@`localhost` PROCEDURE `getCustomerDetails` (IN `cust_id` INT)  NO SQL
SELECT * FROM users WHERE users._id = cust_id$$

CREATE DEFINER=`root`@`localhost` PROCEDURE `getDelayedShippings` ()  NO SQL
SELECT * FROM shipment WHERE shipment.delivered_at > shipment.timeline$$

CREATE DEFINER=`root`@`localhost` PROCEDURE `getMostSpendingCustomer` ()  BEGIN
	SELECT * FROM users ORDER BY users.total_spent DESC LIMIT 1;
END$$

CREATE DEFINER=`root`@`localhost` PROCEDURE `selectAllTransactions` ()  BEGIN
	SELECT * FROM transactions;
END$$

CREATE DEFINER=`root`@`localhost` PROCEDURE `streetWithMostCustomers` ()  BEGIN 
SELECT addresses.locality, COUNT(*) as NumberOfOrders FROM shipment JOIN addresses ON shipment.destination_address_id = addresses._id 
GROUP BY addresses.locality 
ORDER BY NumberOfOrders DESC
LIMIT 1;
END$$

CREATE DEFINER=`root`@`localhost` PROCEDURE `TotalCost` (IN `shipment_id` INT)  NO SQL
SELECT SUM(transportation.cost_per_km) + shipment.cost as Total FROM deliverylogs JOIN transportation ON
deliverylogs.transportation_id = transportation._id
JOIN shipment ON shipment.package_id = deliverylogs.package_id && deliverylogs.package_id = shipment_id$$

CREATE DEFINER=`root`@`localhost` PROCEDURE `userWithMostShips` ()  BEGIN
	SELECT * FROM users JOIN (SELECT shipment.cust_id_from as customerId, COUNT(*) as OrdersCount FROM shipment GROUP BY shipment.cust_id_from) AS t2 ON t2.customerID = users._id
    ORDER BY OrdersCount DESC
    LIMIT 1;
END$$

DELIMITER ;

-- --------------------------------------------------------

--
-- Table structure for table `addresses`
--

CREATE TABLE `addresses` (
  `_id` int(11) NOT NULL,
  `address` varchar(100) NOT NULL,
  `locality` varchar(100) DEFAULT NULL,
  `city` varchar(100) DEFAULT NULL,
  `state` varchar(100) NOT NULL,
  `pincode` varchar(100) NOT NULL,
  `country` varchar(100) NOT NULL
) ENGINE=InnoDB DEFAULT CHARSET=latin1;

--
-- Dumping data for table `addresses`
--

INSERT INTO `addresses` (`_id`, `address`, `locality`, `city`, `state`, `pincode`, `country`) VALUES
(4283253, 'ewdnwx', 'ljrp', 'eh', 'hmsd', 'zjdoaw', 'xapppxu'),
(17576064, 'ximasbbm', 'asmpluqhxh', 'ibwc', 'ckxdjgr', 't', 'fqnmfdjovb'),
(27178991, 'kgt', 'w', 'qjbahrr', 'itxwrjelb', 'qdfvezun', 'ezjy'),
(41047963, 'rydherivln', 'hyrjni', 'su', 'qlwmky', 'wy', 'x'),
(54206424, 'qvyr', 'df', 'zglv', 'gh', 'lazhvyxah', 'iayupxmr'),
(81809252, 'xl', 'jbxnkyein', 'evdhbrwm', 'xpaw', 'xrxd', 'oumkypcsxw'),
(83383463, 'ysxeuii', 'mkgmkajrwt', 'ru', 'ejbz', 'y', 'lezteoaz'),
(106536146, 'hkcsp', 'hb', 'qbtn', 'mxucskfnx', 'jdcpfctas', 'sceepvmlfo'),
(111583292, 'tk', 'rplwsu', 'dj', 'gfzu', 'babyvioe', 'bweusklap'),
(112851492, 'ykmnbv', 'zkia', 'dr', 'darqwr', 'pygq', 'dsfwu'),
(122365043, 'hxqgcornzt', 'zmjcbsz', 'dl', 'n', 'nc', 'dduose'),
(125465998, 'cb', 'ca', 'oyucptkgxc', 'jxgx', 'cilhv', 'sgolujfyhu'),
(130257444, 'hhvvlxsikn', 'fhd', 'ompyz', 'czjzwvx', 'mpxq', 'bmswrud'),
(134490741, 'qbsyx', 'phqnu', 'o', 'jamaop', 'tquqpi', 'ipkjyuoii'),
(151560283, 'dweptd', 'rj', 'zx', 'cvqz', 'pletg', 'fwzi'),
(157861123, 'gnqjbnaj', 'xvlsb', 'u', 'xjfkzomm', 'ianwbgsunv', 'gdrgpq'),
(184432525, 'rofm', 'zjzytp', 'dxhqqoz', 'tomj', 'pqszyijh', 'ltjvhs'),
(256109128, 'ecgxweub', 'fq', 'qtplrj', 'a', 'cgxlneovdm', 'kdnohqtyx'),
(288955290, 'eakointcd', 'i', 'ut', 'vrxkmznhv', 'gaipfmxmjb', 'jglcrccw'),
(300154550, 'jrshi', 'opbhj', 'flpz', 'lktxprbpb', 'q', 'dhfkd'),
(311272708, 'ua', 'lcehzfze', 'vbsdpb', 'hcgi', 'actgaqwerx', 'gjy'),
(329618851, 'wsqkvzh', 'uvev', 'ah', 'srkpbi', 'ybxebhu', 'xitwes'),
(394796207, 'yqcaqcgm', 'fqthivnuys', 'e', 'lefrcfy', 'yf', 'razipcju'),
(442375010, 'lvh', 'ip', 'mltkvyogso', 'nxwu', 'l', 'yfbwqbie'),
(455697060, 'vhgylcr', 'f', 'ebij', 'nqbuwbhzu', 'tvgc', 'hyyiktbjgo'),
(462398425, 'yrqnk', 'jtxlfxcxko', 'busgwptw', 'e', 'jev', 'ctjo'),
(481920440, 'dirrhkyky', 'ewnktlbd', 'qbuev', 'ivbvtmv', 'xxmpyirc', 'pkawxmv'),
(485085653, 'u', 'b', 'yzyr', 'va', 'bvzxwkt', 'e'),
(486851294, 'ltwwzvsfks', 'ixvc', 'asafbbe', 'vsrqoqq', 'dnuz', 'pqdb'),
(553479625, 'vedyhht', 'focbphfci', 'awyfblza', 'apqenlkqjr', 'cu', 'uslki'),
(579832275, 'jfzc', 'ojgvkik', 'cpofvgak', 'x', 'nft', 'bhkgujwi'),
(584128507, 'ybop', 'uvcchkqkwd', 'yqspf', 'ezpinea', 'ocavwkt', 'fmbklzidw'),
(603236085, 'xvj', 'refjbdh', 'zocnbakrs', 'jmfulhjpu', 'zooedp', 'vvbsieyk'),
(605892808, 'bvibgwlnye', 'qswvosp', 'hwztptbwld', 'wfnpw', 'ysqfoduoj', 'utpjidlbk'),
(617716389, 'wqf', 'n', 'pcryjdblu', 'mrads', 'viz', 'xgr'),
(621715005, 'xyqd', 'hfokyc', 'opdje', 'vvsgjgjf', 'h', 'vlycqjte'),
(636893613, 'eshbprd', 'ouc', 'ou', 'wrdruib', 'vj', 'alnmlovj'),
(657352374, 'qt', 'y', 'da', 'ycbplcnyvg', 'wvnvrrp', 'xjqcyyet'),
(725767308, 'tfpqzl', 'dkhuiws', 'gbwpx', 'grfzwwqxh', 'rpp', 'xkfghippia'),
(759667798, 'wbbiden', 'hzjjhppwp', 'iscfaxsua', 'mphvd', 'jur', 'p'),
(769422522, 'oouj', 'fyrwhhmer', 'srsvii', 'rtligudhf', 'y', 'h'),
(776166036, 'mxsrokxe', 'cygovnomc', 'rpfry', 'uhf', 'ohhztghqdk', 'ba'),
(781952360, 'lfsiqtkgcd', 'bbqdzy', 'zncw', 'bpejfxvoc', 'obyxgmjgqi', 'uet'),
(800936533, 'uyxfew', 'vniipkhl', 'ky', 'miohi', 'ejex', 'fk'),
(806257988, 'rlrpjbz', 'eakqclxf', 'djlrugociu', 'buwwweth', 'm', 'z'),
(815727713, 'xbvckl', 'oa', 'nxsfzc', 'uldebsbcn', 'd', 'ellxxnqj'),
(826926193, 'kfzl', 'cvxyg', 'zy', 'bezzbwuldv', 'qeozrsevh', 'lbpjy'),
(838789897, 'idtlurim', 'uarofcmc', 'yufjwvxl', 'umgxwlrjii', 'a', 'yajewq'),
(864905367, 'sa', 'xznmsshp', 'qkntdvv', 'eioblg', 'vbizi', 'rznqiuso'),
(881066508, 'pjtbiuqxav', 'gxuyu', 'k', 'cn', 'xfgyind', 'aqynxjdty'),
(895336158, 'jkj', 'cha', 'znbzlawcac', 'ddre', 'juwuhrssd', 'zttwvdzu'),
(902142984, 'tlpnxa', 'hbpgecxe', 'pa', 'npguk', 'xgzov', 'rbpmldqwm'),
(913743198, 'oarw', 'zml', 'qy', 'a', 'nuanqgw', 'fplcq'),
(915811483, 'bzf', 'x', 'jjl', 'v', 'twty', 'sdssapuipi'),
(924047537, 'evohznq', 'tagyy', 'sgfydjxzyf', 'itf', 'ucbs', 'udglmlyqh'),
(949810747, 'n', 'blnmb', 'rjbkpfd', 'a', 'mfjfejrolo', 'bzdsxmjvp'),
(958060951, 'rmkak', 'rtcbhmlz', 'pdqj', 't', 'nyoauc', 'pe'),
(979169670, 'jflhuozd', 'bttrhde', 'oklbizdcd', 'mxlrku', 'v', 'xqhruka'),
(981520797, 'udajhjdn', 'jywpnd', 'lxtp', 'mhvglnaq', 'ecwn', 'mtjmi'),
(986548170, 'tubhooizdw', 'l', 'rtwgoh', 'z', 'dvthqjb', 'mz');

-- --------------------------------------------------------

--
-- Table structure for table `deliverylogs`
--

CREATE TABLE `deliverylogs` (
  `_id` int(11) NOT NULL,
  `package_id` int(11) NOT NULL,
  `location_id` int(11) NOT NULL,
  `transportation_id` int(11) NOT NULL,
  `delivery_status_code` int(11) NOT NULL,
  `starting_time` date NOT NULL,
  `cost_incurred` int(11) NOT NULL
) ENGINE=InnoDB DEFAULT CHARSET=latin1;

--
-- Dumping data for table `deliverylogs`
--

INSERT INTO `deliverylogs` (`_id`, `package_id`, `location_id`, `transportation_id`, `delivery_status_code`, `starting_time`, `cost_incurred`) VALUES
(4153207, 465971538, 329618851, 599316053, 4, '2001-12-14', 7333),
(8752956, 297544937, 256109128, 985586659, 1, '2009-11-15', 4018),
(10603174, 701183974, 979169670, 322202144, 2, '2006-11-20', 2460),
(12600980, 272789790, 329618851, 438636944, 1, '2015-11-16', 1544),
(16842369, 328812149, 781952360, 739531507, 4, '2008-11-19', 1183),
(17929622, 477718598, 979169670, 960769787, 7, '2001-12-17', 7224),
(26124700, 207952880, 481920440, 271380851, 2, '2008-11-18', 5949),
(27136401, 54375537, 481920440, 306985782, 5, '2003-11-12', 58),
(27897309, 898015751, 924047537, 816553974, 1, '2000-12-20', 8916),
(33166805, 723318867, 151560283, 353826774, 1, '2016-12-29', 9280),
(37407953, 617829791, 605892808, 885259245, 5, '2018-11-13', 7610),
(53591761, 59835207, 157861123, 618342333, 3, '2021-11-10', 3306),
(54088852, 48219400, 902142984, 24523341, 3, '2008-11-12', 3708),
(57983446, 842852922, 41047963, 417391206, 4, '2007-11-20', 7040),
(59444209, 985039288, 300154550, 497306961, 5, '2002-11-10', 6337),
(67036321, 944770745, 130257444, 299589060, 1, '2016-11-10', 5504),
(70620830, 769726817, 949810747, 59212959, 6, '2016-12-27', 1931),
(74470726, 617829791, 864905367, 196633415, 2, '2011-12-17', 5886),
(114410780, 676908580, 864905367, 806556042, 2, '2003-12-17', 3355),
(124336586, 501627374, 924047537, 859923271, 5, '2000-12-25', 8204),
(137876347, 231405147, 83383463, 572528213, 1, '2019-11-21', 9127),
(172637504, 154363680, 781952360, 385781148, 1, '2005-11-26', 1230),
(177605767, 514502114, 579832275, 115251666, 1, '2018-11-23', 9449),
(181094645, 27366579, 769422522, 901942940, 2, '2020-11-27', 1748),
(186415023, 479110315, 981520797, 417134819, 3, '2000-11-12', 6286),
(211050246, 217472378, 41047963, 901942940, 1, '2019-12-15', 457),
(215572788, 154363680, 122365043, 326998240, 5, '2006-11-20', 1179),
(220959031, 460103597, 579832275, 299589060, 5, '2011-11-21', 3566),
(235426365, 322152515, 134490741, 24523341, 4, '2000-11-24', 8581),
(241068471, 438151438, 151560283, 58238579, 4, '2013-11-21', 4177),
(287713841, 373368637, 657352374, 802187563, 6, '2019-11-25', 9222),
(289579176, 125694608, 769422522, 7541345, 5, '2006-11-19', 6202),
(296213776, 676908580, 806257988, 580068292, 7, '2006-12-21', 1893),
(300960275, 830286259, 462398425, 779397391, 7, '2010-11-20', 9512),
(315888815, 735099229, 902142984, 417391206, 6, '2000-11-24', 4907),
(331817483, 231405147, 485085653, 782480473, 7, '2010-12-13', 9279),
(333434080, 405976872, 584128507, 54787005, 2, '2010-11-10', 6753),
(342726389, 148725773, 130257444, 3366574, 7, '2008-11-20', 5058),
(388848535, 831342221, 759667798, 385781148, 7, '2018-12-15', 5398),
(395114302, 123806234, 621715005, 692196075, 6, '2014-12-15', 9383),
(414677551, 903953541, 134490741, 806556042, 7, '2010-11-14', 2849),
(429477171, 282649236, 311272708, 700825808, 3, '2010-12-26', 1144),
(432888558, 477718598, 725767308, 225898809, 3, '2007-11-27', 6972),
(433921769, 708265573, 781952360, 618342333, 4, '2017-11-24', 6195),
(444115643, 514502114, 54206424, 24523341, 2, '2005-12-27', 6983),
(451799045, 473210769, 151560283, 417391206, 3, '2022-12-13', 9910),
(463807012, 107006605, 311272708, 160960299, 5, '2000-12-20', 3549),
(474397260, 490409437, 864905367, 806556042, 4, '2022-11-17', 703),
(487693897, 850000254, 838789897, 630544399, 3, '2009-11-16', 8918),
(491326267, 564742792, 826926193, 404504698, 1, '2000-11-20', 1409),
(502948929, 698373712, 981520797, 599316053, 5, '2009-12-14', 6276),
(515810718, 47453642, 329618851, 322202144, 2, '2006-11-14', 9067),
(534557755, 179523332, 913743198, 225898809, 2, '2012-12-26', 2464),
(541603497, 708265573, 125465998, 739531507, 4, '2006-11-23', 1837),
(559733466, 695905598, 958060951, 160960299, 1, '2016-11-24', 2738),
(564505021, 571240742, 4283253, 698303621, 2, '2009-12-13', 1212),
(581127167, 682187984, 657352374, 225250365, 2, '2005-11-27', 2076),
(586748084, 515912816, 881066508, 328693025, 6, '2016-12-18', 5171),
(601627815, 898015751, 125465998, 816553974, 7, '2017-12-16', 7682),
(631353146, 962876610, 981520797, 740355158, 1, '2013-11-20', 385),
(636951567, 599483582, 157861123, 264591872, 1, '2008-12-14', 954),
(649748993, 319251514, 394796207, 985586659, 7, '2010-12-27', 9251),
(689899243, 501627374, 913743198, 385781148, 2, '2010-12-10', 2966),
(690536721, 723857313, 111583292, 417391206, 1, '2008-12-21', 3450),
(704119799, 564742792, 4283253, 173792027, 3, '2012-12-17', 6636),
(707762675, 564742792, 759667798, 341099786, 6, '2016-12-18', 473),
(730696761, 123806234, 41047963, 917728993, 3, '2014-11-29', 6554),
(744231306, 45673275, 486851294, 897677558, 2, '2006-11-29', 5330),
(749153404, 517180132, 981520797, 732855027, 4, '2006-11-12', 9527),
(760987615, 490409437, 776166036, 897677558, 6, '2013-11-18', 2069),
(765649222, 513118086, 981520797, 432734920, 6, '2016-11-18', 6938),
(785836892, 723857313, 134490741, 58238579, 5, '2000-12-25', 8393),
(794616010, 850000254, 256109128, 920239201, 2, '2003-11-16', 7552),
(795291420, 292978380, 864905367, 985586659, 4, '2005-12-29', 4354),
(810696399, 513118086, 881066508, 739531507, 4, '2016-11-29', 8546),
(823550361, 405976872, 800936533, 769125081, 1, '2010-12-22', 2821),
(830347378, 319251514, 288955290, 739531507, 4, '2005-12-25', 9200),
(846313670, 964734612, 17576064, 816553974, 6, '2002-11-20', 9494),
(848888653, 154363680, 122365043, 331864301, 5, '2000-12-21', 9508),
(859928453, 59835207, 621715005, 119932283, 1, '2009-12-23', 46),
(863890012, 513118086, 553479625, 353826774, 7, '2018-11-19', 8379),
(867196764, 125694608, 394796207, 769125081, 1, '2022-12-20', 1043),
(880134713, 431756496, 83383463, 385781148, 3, '2022-11-23', 4745),
(882421570, 431756496, 157861123, 7653350, 2, '2018-11-15', 7842),
(882712779, 850000254, 151560283, 866922591, 7, '2022-12-24', 7041),
(888715825, 695905598, 636893613, 169323617, 5, '2015-12-15', 7612),
(893405809, 160546152, 913743198, 404504698, 6, '2014-11-11', 6964),
(894540522, 732549418, 122365043, 264591872, 4, '2006-12-28', 1875),
(910876252, 107006605, 895336158, 75755277, 6, '2020-11-17', 6376),
(911411886, 549757451, 394796207, 740355158, 1, '2009-11-20', 8898),
(911910946, 732549418, 579832275, 769125081, 7, '2004-12-22', 2929),
(916406507, 751649242, 605892808, 866922591, 7, '2016-12-21', 1782),
(922274088, 154363680, 657352374, 341099786, 4, '2014-12-28', 5771),
(935334396, 989266467, 486851294, 581186212, 6, '2020-12-20', 2270),
(938227530, 27366579, 864905367, 299589060, 5, '2003-12-16', 5017),
(946671160, 549757451, 617716389, 692196075, 7, '2013-12-21', 2482),
(949445736, 698373712, 442375010, 917728993, 4, '2020-11-12', 8863),
(952574370, 473210769, 27178991, 264591872, 6, '2017-11-27', 3380),
(958641477, 309375955, 815727713, 739531507, 5, '2003-11-20', 124),
(987832100, 985039288, 481920440, 618342333, 5, '2016-12-15', 6683);

-- --------------------------------------------------------

--
-- Table structure for table `deliverystatus`
--

CREATE TABLE `deliverystatus` (
  `_id` int(11) NOT NULL,
  `status` varchar(100) NOT NULL,
  `details` varchar(100) NOT NULL
) ENGINE=InnoDB DEFAULT CHARSET=latin1;

--
-- Dumping data for table `deliverystatus`
--

INSERT INTO `deliverystatus` (`_id`, `status`, `details`) VALUES
(1, 'ordered', 'akjlkkjdlakdj'),
(2, 'on the way', 'akjlkkjdlakdj'),
(3, 'returned', 'akjlkkjdlakdj'),
(4, 'delivered', 'akjlkkjdlakdj'),
(5, 'cancelled', 'akjlkkjdlakdj'),
(6, 'delivery error', 'akjlkkjdlakdj'),
(7, 'no payment return', 'akjlkkjdlakdj');

-- --------------------------------------------------------

--
-- Table structure for table `packagetype`
--

CREATE TABLE `packagetype` (
  `_id` int(11) NOT NULL,
  `type` varchar(100) NOT NULL,
  `details` varchar(100) NOT NULL
) ENGINE=InnoDB DEFAULT CHARSET=latin1;

--
-- Dumping data for table `packagetype`
--

INSERT INTO `packagetype` (`_id`, `type`, `details`) VALUES
(1, 'heavy', 'ahldflhaiudfh'),
(2, 'massive', 'ahldflhaiudfh'),
(3, 'small', 'ahldflhaiudfh'),
(4, 'breakable', 'ahldflhaiudfh'),
(5, 'high', 'ahldflhaiudfh'),
(6, 'large', 'ahldflhaiudfh'),
(7, 'great', 'ahldflhaiudfh'),
(8, 'glass', 'ahldflhaiudfh'),
(9, 'expensive', 'ahldflhaiudfh');

-- --------------------------------------------------------

--
-- Table structure for table `receivers`
--

CREATE TABLE `receivers` (
  `_id` int(11) NOT NULL,
  `address_id` int(11) NOT NULL,
  `name` varchar(100) NOT NULL,
  `phone_number` varchar(100) NOT NULL,
  `registered` int(11) NOT NULL
) ENGINE=InnoDB DEFAULT CHARSET=latin1;

--
-- Dumping data for table `receivers`
--

INSERT INTO `receivers` (`_id`, `address_id`, `name`, `phone_number`, `registered`) VALUES
(5635668, 895336158, 'Frank', '6859857596', 0),
(11017504, 111583292, 'Roger', '3211925124', 1),
(15628373, 958060951, 'Adam', '3313410742', 0),
(30839984, 881066508, 'Joe', '2312447448', 1),
(52595463, 300154550, 'Alex', '4217745921', 1),
(75428747, 725767308, 'Frank', '2936241961', 0),
(78582266, 584128507, 'Tim', '7532330201', 1),
(85383617, 134490741, 'David', '6338338788', 0),
(100129881, 958060951, 'Steve', '4381813464', 0),
(104180341, 112851492, 'Larry', '1537166461', 0),
(140888382, 151560283, 'Edward', '3436928801', 0),
(152001121, 122365043, 'Tim', '6189503942', 1),
(188806051, 881066508, 'Frank', '9449102343', 0),
(196483526, 17576064, 'Nathan', '6657836495', 0),
(208476138, 442375010, 'Dan', '3028252477', 1),
(215249753, 311272708, 'Hank', '6788814055', 1),
(234732559, 17576064, 'Peter', '2876337674', 1),
(235331089, 486851294, 'Ty', '4947082410', 0),
(240793724, 27178991, 'Paul', '1102538378', 0),
(276747548, 112851492, 'John', '7888354203', 0),
(351417333, 605892808, 'Steve', '0541340907', 0),
(389144553, 462398425, 'Mark', '8704755832', 1),
(399796322, 605892808, 'George', '1287368062', 0),
(419545220, 725767308, 'Jack', '4194442223', 1),
(421388918, 579832275, 'Victor', '6785254560', 0),
(429780592, 781952360, 'Fred', '2677857815', 0),
(430004285, 256109128, 'Steve', '0741056506', 0),
(435881926, 481920440, 'Walter', '4152986879', 0),
(443885974, 958060951, 'Ike', '1125438242', 0),
(448903821, 617716389, 'Mark', '6898245129', 0),
(452561931, 106536146, 'Jack', '2157972124', 0),
(453031356, 949810747, 'Ben', '2050747212', 1),
(460589721, 455697060, 'Adam', '9225628129', 0),
(473512993, 157861123, 'Paul', '0088439138', 0),
(515057361, 838789897, 'Dan', '1152581956', 0),
(534512874, 806257988, 'Aaron', '8556749911', 0),
(561963803, 881066508, 'Larry', '0932909538', 1),
(572691375, 394796207, 'Joe', '8563121149', 1),
(575465322, 134490741, 'Roger', '7483129308', 1),
(599675762, 579832275, 'Hal', '9107131340', 0),
(607315831, 485085653, 'Edward', '6885513120', 1),
(638639555, 157861123, 'Walter', '4402309176', 1),
(640203553, 106536146, 'Dan', '2341345389', 1),
(689274804, 130257444, 'Ike', '9884022484', 0),
(689571416, 4283253, 'Mark', '1587465272', 1),
(722450949, 958060951, 'John', '5431598500', 1),
(747924376, 584128507, 'John', '6824791529', 1),
(752757905, 584128507, 'Mark', '4516289729', 1),
(759848641, 125465998, 'Larry', '6190328395', 0),
(803422190, 157861123, 'Ike', '9700449551', 0),
(824833664, 442375010, 'Victor', '1370973094', 1),
(837707030, 881066508, 'Walter', '8792008463', 0),
(849863446, 27178991, 'Tim', '4628305153', 1),
(852359283, 130257444, 'Ben', '2806950056', 1),
(867377911, 913743198, 'David', '6032019524', 1),
(873192211, 81809252, 'George', '9567095336', 0),
(897066263, 125465998, 'David', '5273062437', 0),
(942005753, 394796207, 'Paul', '0253326109', 0),
(949094961, 394796207, 'Walter', '9439172128', 0),
(959410879, 111583292, 'Hal', '9538616190', 0);

-- --------------------------------------------------------

--
-- Table structure for table `shipment`
--

CREATE TABLE `shipment` (
  `package_id` int(11) NOT NULL,
  `cust_id_from` int(11) NOT NULL,
  `receiver_id` int(11) NOT NULL,
  `delivery_status_code` int(11) NOT NULL,
  `package_weight` int(11) NOT NULL,
  `package_type` int(11) NOT NULL,
  `timeline` date NOT NULL,
  `cost` int(11) NOT NULL,
  `prepaid` int(11) NOT NULL,
  `ordered_at` date NOT NULL,
  `delivered_at` date DEFAULT NULL,
  `destination_address_id` int(11) NOT NULL
) ENGINE=InnoDB DEFAULT CHARSET=latin1;

--
-- Dumping data for table `shipment`
--

INSERT INTO `shipment` (`package_id`, `cust_id_from`, `receiver_id`, `delivery_status_code`, `package_weight`, `package_type`, `timeline`, `cost`, `prepaid`, `ordered_at`, `delivered_at`, `destination_address_id`) VALUES
(3859604, 408714413, 188806051, 5, 62, 6, '2001-12-14', 291, 0, '2004-11-23', '2008-11-22', 781952360),
(9362820, 877501798, 949094961, 2, 25, 9, '2005-11-29', 848, 1, '2008-11-24', '2008-11-14', 311272708),
(10758906, 204224159, 419545220, 5, 99, 1, '2007-12-13', 247, 1, '2010-12-11', '2012-12-24', 311272708),
(14806831, 822910268, 852359283, 1, 89, 5, '2008-11-20', 608, 0, '2008-12-29', '2020-12-12', 4283253),
(27366579, 656429400, 448903821, 4, 61, 4, '2011-11-12', 949, 1, '2022-11-29', '2019-12-18', 300154550),
(32901119, 415000685, 435881926, 4, 48, 8, '2003-11-13', 117, 1, '2020-12-25', '2017-11-19', 134490741),
(36307655, 530618096, 351417333, 1, 67, 3, '2004-12-28', 534, 1, '2003-12-24', '2012-11-27', 106536146),
(37248100, 799019045, 837707030, 6, 31, 4, '2008-11-19', 584, 0, '2011-12-14', '2000-11-19', 288955290),
(44346313, 708529762, 5635668, 4, 94, 1, '2013-12-15', 937, 0, '2000-11-23', '2013-11-20', 924047537),
(45673275, 964042428, 534512874, 4, 19, 7, '2016-11-27', 320, 0, '2001-12-10', '2003-11-21', 958060951),
(47453642, 784023835, 575465322, 1, 52, 7, '2003-12-26', 732, 1, '2020-11-16', '2016-11-28', 838789897),
(48219400, 762427676, 867377911, 4, 60, 2, '2014-11-26', 58, 0, '2015-11-21', '2001-12-24', 725767308),
(54375537, 204224159, 561963803, 1, 16, 9, '2011-11-28', 799, 1, '2005-12-16', '2005-11-20', 130257444),
(59835207, 124953604, 942005753, 7, 7, 6, '2014-11-23', 908, 1, '2015-11-16', '2004-11-12', 27178991),
(107006605, 513766388, 942005753, 1, 89, 6, '2002-11-19', 565, 1, '2001-12-29', '2012-11-18', 979169670),
(123806234, 656429400, 351417333, 1, 51, 3, '2013-11-27', 930, 0, '2021-12-21', '2015-11-25', 256109128),
(125694608, 314947510, 599675762, 5, 97, 5, '2012-11-22', 517, 1, '2008-12-22', '2016-11-24', 300154550),
(141876700, 7256955, 607315831, 6, 63, 7, '2020-12-12', 338, 0, '2002-11-24', '2021-12-15', 864905367),
(148725773, 735086835, 803422190, 1, 7, 4, '2014-11-13', 538, 1, '2008-12-28', '2004-11-11', 621715005),
(154363680, 405590525, 473512993, 1, 12, 6, '2006-12-25', 205, 1, '2021-12-26', '2017-11-27', 83383463),
(160546152, 395382599, 448903821, 1, 61, 8, '2012-12-28', 384, 0, '2022-12-18', '2002-12-18', 881066508),
(168504196, 47350320, 572691375, 4, 75, 5, '2019-11-20', 593, 0, '2018-11-25', '2008-11-14', 485085653),
(179523332, 762427676, 11017504, 5, 39, 6, '2013-11-18', 896, 0, '2003-11-17', '2020-11-13', 134490741),
(207952880, 227100420, 460589721, 2, 15, 4, '2003-12-28', 972, 1, '2017-12-10', '2012-12-12', 915811483),
(217472378, 138204262, 640203553, 1, 36, 5, '2015-11-28', 587, 0, '2010-12-19', '2008-12-19', 725767308),
(231405147, 656429400, 824833664, 6, 5, 4, '2007-11-17', 910, 0, '2015-11-11', '2017-12-21', 481920440),
(232038499, 87271668, 78582266, 1, 75, 2, '2008-12-20', 77, 1, '2000-11-18', '2012-12-22', 958060951),
(272789790, 18774468, 959410879, 7, 4, 1, '2006-12-13', 466, 0, '2014-11-27', '2022-11-21', 481920440),
(282649236, 18774468, 515057361, 7, 12, 8, '2003-12-17', 852, 0, '2001-12-23', '2008-11-10', 130257444),
(286226741, 507970238, 752757905, 3, 31, 6, '2008-12-18', 499, 0, '2012-11-26', '2021-11-19', 815727713),
(292978380, 415000685, 803422190, 1, 29, 9, '2008-11-16', 126, 0, '2016-11-17', '2004-12-11', 902142984),
(297544937, 667705172, 435881926, 4, 13, 5, '2021-12-10', 626, 0, '2012-12-10', '2009-12-20', 800936533),
(306358600, 205032451, 638639555, 1, 52, 1, '2020-12-12', 554, 0, '2015-12-24', '2006-11-22', 134490741),
(309375955, 822910268, 722450949, 7, 32, 4, '2020-12-29', 190, 1, '2011-12-20', '2020-12-17', 481920440),
(318157071, 853148441, 837707030, 2, 81, 5, '2004-12-11', 187, 0, '2020-12-23', '2021-12-16', 605892808),
(319251514, 18774468, 389144553, 6, 20, 1, '2020-11-23', 683, 0, '2004-11-12', '2017-11-10', 864905367),
(322152515, 632017822, 104180341, 5, 14, 8, '2021-12-10', 891, 0, '2003-11-15', '2009-12-22', 106536146),
(328812149, 822910268, 599675762, 4, 16, 3, '2001-12-11', 147, 1, '2020-12-17', '2012-11-11', 288955290),
(373368637, 439991450, 638639555, 2, 12, 4, '2019-11-21', 231, 1, '2019-12-19', '2009-12-16', 485085653),
(405976872, 507970238, 959410879, 2, 55, 9, '2021-11-15', 513, 0, '2002-12-21', '2009-12-28', 184432525),
(428108118, 227100420, 78582266, 5, 14, 5, '2001-12-11', 70, 0, '2007-12-27', '2008-12-17', 256109128),
(431756496, 513766388, 421388918, 1, 82, 7, '2012-11-14', 802, 1, '2000-12-12', '2010-11-24', 986548170),
(438151438, 439991450, 140888382, 5, 64, 5, '2013-11-29', 202, 0, '2019-12-29', '2020-11-20', 657352374),
(460103597, 653790227, 100129881, 4, 0, 7, '2007-11-27', 795, 1, '2019-12-12', '2000-12-15', 579832275),
(465971538, 877501798, 638639555, 1, 84, 5, '2015-11-12', 937, 0, '2019-12-21', '2018-11-21', 657352374),
(468099785, 12773484, 276747548, 1, 37, 6, '2016-12-28', 331, 0, '2015-11-24', '2013-12-26', 81809252),
(471683474, 314947510, 30839984, 6, 23, 8, '2001-12-22', 396, 1, '2016-12-10', '2003-12-27', 881066508),
(473210769, 395382599, 430004285, 4, 89, 3, '2003-12-29', 573, 1, '2001-12-27', '2016-12-10', 157861123),
(477718598, 718640970, 5635668, 4, 95, 2, '2005-11-19', 349, 1, '2015-11-10', '2003-11-21', 485085653),
(479110315, 87271668, 443885974, 3, 34, 5, '2019-12-21', 364, 0, '2010-12-13', '2011-12-20', 486851294),
(490409437, 877501798, 849863446, 3, 93, 5, '2015-12-29', 955, 0, '2000-11-16', '2022-12-19', 617716389),
(501627374, 161143060, 430004285, 4, 93, 3, '2002-12-24', 665, 0, '2004-11-14', '2015-12-21', 311272708),
(513118086, 838528499, 448903821, 5, 33, 9, '2004-12-10', 232, 0, '2010-11-16', '2009-12-28', 725767308),
(513767937, 718640970, 759848641, 6, 86, 4, '2016-12-16', 357, 1, '2016-11-21', '2014-11-10', 130257444),
(514502114, 818347098, 15628373, 3, 82, 7, '2012-11-19', 609, 0, '2018-11-16', '2018-11-26', 288955290),
(515912816, 599981830, 188806051, 6, 22, 6, '2018-11-23', 127, 1, '2016-11-18', '2018-11-17', 986548170),
(517180132, 530618096, 752757905, 7, 22, 3, '2022-11-25', 494, 1, '2005-12-26', '2009-12-29', 924047537),
(549757451, 415000685, 824833664, 2, 67, 2, '2022-11-28', 107, 0, '2012-11-15', '2005-11-15', 151560283),
(556664051, 784023835, 11017504, 7, 78, 7, '2012-12-14', 442, 0, '2022-11-27', '2000-11-29', 605892808),
(559960533, 272152448, 5635668, 5, 60, 9, '2020-12-16', 863, 1, '2018-11-15', '2004-12-26', 603236085),
(564402394, 838528499, 897066263, 1, 17, 1, '2005-11-11', 942, 1, '2018-11-28', '2007-11-11', 111583292),
(564742792, 964042428, 196483526, 7, 84, 7, '2007-11-10', 378, 0, '2016-11-27', '2018-11-25', 442375010),
(571240742, 667705172, 575465322, 4, 9, 2, '2007-11-20', 147, 1, '2000-12-27', '2015-12-15', 17576064),
(591852522, 205032451, 452561931, 4, 98, 1, '2000-12-19', 423, 0, '2013-11-20', '2002-12-25', 81809252),
(599483582, 735086835, 234732559, 5, 31, 1, '2013-11-14', 2, 1, '2004-11-14', '2018-12-28', 462398425),
(617829791, 762427676, 435881926, 7, 27, 1, '2018-12-18', 735, 0, '2000-12-22', '2011-11-10', 902142984),
(676908580, 18774468, 435881926, 6, 41, 2, '2016-11-10', 828, 1, '2006-12-19', '2001-12-14', 725767308),
(679528237, 507970238, 435881926, 6, 98, 8, '2000-12-21', 73, 0, '2001-12-20', '2012-11-23', 455697060),
(682187984, 549679765, 421388918, 6, 40, 5, '2011-11-21', 25, 1, '2022-11-18', '2018-11-15', 130257444),
(695905598, 851015190, 575465322, 2, 16, 4, '2007-11-10', 842, 0, '2016-11-18', '2010-12-17', 27178991),
(696956414, 877501798, 140888382, 6, 52, 9, '2007-11-15', 911, 0, '2017-12-24', '2018-12-15', 605892808),
(698373712, 667705172, 351417333, 7, 79, 6, '2000-12-28', 797, 1, '2013-12-23', '2016-12-16', 17576064),
(701183974, 964042428, 689571416, 1, 43, 2, '2001-12-16', 858, 1, '2007-11-22', '2015-12-23', 151560283),
(704679214, 799019045, 599675762, 5, 23, 7, '2002-11-29', 975, 0, '2010-11-24', '2008-12-24', 151560283),
(708265573, 552112069, 849863446, 2, 79, 7, '2003-11-24', 263, 0, '2020-11-18', '2005-12-23', 958060951),
(723318867, 818347098, 607315831, 5, 61, 4, '2010-11-19', 982, 1, '2015-11-20', '2018-11-24', 881066508),
(723857313, 395382599, 421388918, 1, 3, 5, '2006-12-14', 693, 1, '2008-11-14', '2007-11-16', 815727713),
(732549418, 405590525, 759848641, 1, 77, 3, '2000-11-26', 53, 1, '2000-11-12', '2003-12-20', 979169670),
(735099229, 7779026, 640203553, 5, 17, 9, '2012-12-12', 837, 0, '2020-11-12', '2010-11-25', 41047963),
(738415921, 530618096, 215249753, 3, 76, 7, '2018-11-29', 677, 0, '2006-12-27', '2003-12-23', 111583292),
(751649242, 339175089, 534512874, 6, 50, 3, '2014-11-21', 300, 0, '2018-11-29', '2009-12-10', 17576064),
(758395027, 708529762, 873192211, 4, 70, 4, '2000-12-26', 583, 0, '2017-12-28', '2006-12-15', 125465998),
(760951897, 138204262, 215249753, 6, 93, 8, '2000-12-10', 630, 0, '2001-12-18', '2005-12-11', 815727713),
(769726817, 246963953, 443885974, 2, 45, 2, '2020-11-22', 21, 1, '2003-11-21', '2010-11-10', 913743198),
(811372070, 520914771, 140888382, 4, 86, 9, '2007-11-28', 659, 0, '2018-12-26', '2020-11-16', 781952360),
(825582777, 87271668, 942005753, 3, 39, 7, '2020-12-29', 411, 0, '2007-11-25', '2012-11-14', 112851492),
(830286259, 900264407, 235331089, 4, 63, 8, '2018-12-13', 71, 1, '2008-11-26', '2008-11-12', 151560283),
(831342221, 599981830, 78582266, 5, 5, 9, '2005-11-26', 417, 1, '2001-12-14', '2008-12-14', 111583292),
(842852922, 838528499, 11017504, 1, 12, 6, '2018-11-17', 586, 0, '2008-11-17', '2013-11-25', 913743198),
(850000254, 138204262, 747924376, 6, 71, 4, '2019-11-24', 499, 0, '2003-11-23', '2010-12-24', 725767308),
(868816018, 124953604, 837707030, 1, 42, 5, '2003-11-19', 962, 0, '2008-11-16', '2003-12-17', 134490741),
(898015751, 822910268, 276747548, 1, 8, 9, '2022-11-10', 164, 1, '2004-11-13', '2013-11-12', 806257988),
(900033809, 656429400, 140888382, 3, 62, 4, '2004-11-15', 874, 0, '2015-12-20', '2013-11-28', 54206424),
(903953541, 513766388, 15628373, 1, 73, 9, '2013-11-14', 685, 1, '2018-12-18', '2002-11-19', 394796207),
(924821261, 656429400, 215249753, 1, 25, 6, '2006-12-11', 776, 1, '2009-12-11', '2002-12-23', 485085653),
(944770745, 123585345, 188806051, 4, 36, 5, '2001-12-18', 271, 0, '2005-11-20', '2004-12-22', 4283253),
(962876610, 765560338, 419545220, 1, 0, 9, '2007-12-28', 849, 0, '2004-12-20', '2002-11-28', 122365043),
(964734612, 138204262, 607315831, 7, 54, 5, '2015-11-13', 116, 0, '2014-11-17', '2005-11-14', 621715005),
(985039288, 530618096, 949094961, 1, 92, 1, '2011-12-22', 100, 1, '2021-12-25', '2021-11-27', 442375010),
(989266467, 415000685, 419545220, 5, 47, 8, '2008-12-14', 847, 0, '2011-11-20', '2022-11-25', 949810747);

-- --------------------------------------------------------

--
-- Table structure for table `transactions`
--

CREATE TABLE `transactions` (
  `_id` varchar(100) NOT NULL,
  `customer_id` int(11) NOT NULL,
  `shipment_id` int(11) NOT NULL
) ENGINE=InnoDB DEFAULT CHARSET=latin1;

--
-- Dumping data for table `transactions`
--

INSERT INTO `transactions` (`_id`, `customer_id`, `shipment_id`) VALUES
('100843906', 611191491, 10758906),
('116885739', 18774468, 428108118),
('138078211', 7256955, 898015751),
('142717764', 314947510, 517180132),
('153225970', 818347098, 962876610),
('179752822', 799019045, 989266467),
('193106115', 667705172, 591852522),
('201843181', 818347098, 751649242),
('20471060', 530618096, 297544937),
('209693669', 667705172, 37248100),
('21010285', 87271668, 207952880),
('23100216', 339175089, 758395027),
('268961724', 405590525, 123806234),
('282083498', 161143060, 297544937),
('29040698', 765560338, 37248100),
('30174630', 964042428, 328812149),
('317382258', 99657799, 964734612),
('319750455', 123585345, 985039288),
('322270281', 156264194, 328812149),
('330831620', 549679765, 373368637),
('348824239', 784023835, 431756496),
('349775927', 99657799, 900033809),
('36851361', 765560338, 47453642),
('374648169', 509317897, 37248100),
('377481782', 762427676, 322152515),
('378137289', 900264407, 549757451),
('378497672', 246963953, 48219400),
('384487212', 415000685, 217472378),
('387559722', 11703010, 9362820),
('391842207', 822910268, 571240742),
('392380082', 51710298, 679528237),
('399473405', 520914771, 571240742),
('410625515', 138204262, 318157071),
('413361087', 761079976, 154363680),
('415495643', 509317897, 701183974),
('43474129', 507970238, 10758906),
('440246923', 314947510, 559960533),
('447339715', 7779026, 10758906),
('46210366', 667705172, 850000254),
('469707272', 99657799, 9362820),
('478651848', 799019045, 36307655),
('478783950', 762427676, 868816018),
('48766387', 653790227, 45673275),
('499134681', 156264194, 825582777),
('502129244', 11703010, 107006605),
('509780280', 405590525, 37248100),
('511147895', 123585345, 556664051),
('529193260', 513766388, 515912816),
('531290994', 314947510, 556664051),
('544201506', 530618096, 490409437),
('558171671', 851015190, 141876700),
('56598544', 161143060, 682187984),
('56729271', 205032451, 107006605),
('568541421', 97267115, 989266467),
('570887402', 97267115, 168504196),
('571907938', 123585345, 830286259),
('583657531', 762427676, 318157071),
('585069222', 653790227, 154363680),
('608545950', 877501798, 292978380),
('614464799', 853148441, 695905598),
('631323611', 314947510, 617829791),
('641389875', 838528499, 479110315),
('668515585', 718640970, 322152515),
('672862211', 75940019, 9362820),
('675347857', 99657799, 962876610),
('67835561', 822910268, 679528237),
('68826388', 656429400, 428108118),
('702815291', 439991450, 559960533),
('708711618', 530618096, 322152515),
('716399552', 822910268, 676908580),
('733310693', 549679765, 282649236),
('73808331', 138204262, 286226741),
('746430451', 124953604, 676908580),
('75395854', 765560338, 723857313),
('7564991', 99657799, 517180132),
('770133401', 314947510, 811372070),
('790285276', 853148441, 924821261),
('791235564', 405590525, 373368637),
('795306455', 964042428, 682187984),
('805244506', 156264194, 501627374),
('852677586', 632017822, 479110315),
('852701688', 667705172, 751649242),
('859331248', 708529762, 682187984),
('86343408', 513766388, 48219400),
('864102071', 818347098, 373368637),
('864844067', 236679818, 47453642),
('865364824', 47350320, 513767937),
('87273360', 761079976, 160546152),
('87501895', 667705172, 473210769),
('881041556', 314947510, 944770745),
('90277266', 632017822, 438151438),
('927122381', 656429400, 850000254),
('933830067', 708529762, 431756496),
('955939360', 204224159, 825582777),
('956494761', 530618096, 513118086),
('963180801', 205032451, 272789790),
('963899112', 656429400, 306358600),
('965885663', 156264194, 723857313),
('967445505', 339175089, 571240742),
('981989342', 818347098, 490409437);

-- --------------------------------------------------------

--
-- Table structure for table `transportation`
--

CREATE TABLE `transportation` (
  `_id` int(11) NOT NULL,
  `type` varchar(100) NOT NULL,
  `cost_per_km` int(11) NOT NULL,
  `identification_code` int(11) NOT NULL,
  `model_no` int(11) NOT NULL
) ENGINE=InnoDB DEFAULT CHARSET=latin1;

--
-- Dumping data for table `transportation`
--

INSERT INTO `transportation` (`_id`, `type`, `cost_per_km`, `identification_code`, `model_no`) VALUES
(3366574, 't_87', 27, 596845146, 777810692),
(7541345, 't_28', 23, 210740836, 172808729),
(7653350, 't_83', 4, 459591662, 224833064),
(24523341, 't_75', 6, 273192818, 422165673),
(40627809, 't_89', 11, 946853504, 821776057),
(41924839, 't_53', 16, 742550968, 680703989),
(44411822, 't_73', 3, 987805612, 60526944),
(54787005, 't_52', 3, 276555516, 602037107),
(58238579, 't_96', 0, 605965268, 174906382),
(59212959, 't_74', 28, 928440147, 588078691),
(75755277, 't_34', 26, 879432551, 755705195),
(78612574, 't_93', 18, 565465491, 547224577),
(93186878, 't_31', 11, 997365980, 732149006),
(111154494, 't_45', 18, 864010833, 231943058),
(115251666, 't_93', 10, 987479001, 216470753),
(119932283, 't_81', 8, 570332676, 74760593),
(121278959, 't_73', 2, 922594814, 226096045),
(160960299, 't_98', 28, 333939365, 93613800),
(169323617, 't_71', 25, 284122127, 405895437),
(173792027, 't_58', 0, 207009451, 85445709),
(196633415, 't_93', 16, 129324335, 801979453),
(203499765, 't_31', 28, 163040223, 547947249),
(221849935, 't_69', 11, 926471925, 437520866),
(224415170, 't_30', 18, 897755322, 938765413),
(225250365, 't_58', 26, 204965669, 927167955),
(225898809, 't_14', 5, 748832691, 24839020),
(254355070, 't_23', 4, 79418214, 260341173),
(264591872, 't_53', 18, 760650713, 555308297),
(266407945, 't_25', 19, 83210647, 96394058),
(271380851, 't_32', 8, 750319468, 861589981),
(299589060, 't_29', 21, 243280744, 744834896),
(306985782, 't_98', 3, 4253712, 693610252),
(316075932, 't_25', 22, 579438978, 132854236),
(322202144, 't_66', 24, 536079274, 848820739),
(326998240, 't_14', 0, 998476624, 248928281),
(328693025, 't_86', 20, 663806651, 530738050),
(331864301, 't_65', 29, 529597453, 511722446),
(341099786, 't_74', 29, 286759123, 354077037),
(353826774, 't_50', 8, 381564052, 497528659),
(379456203, 't_31', 26, 871855214, 711056485),
(385781148, 't_10', 29, 779769359, 482300956),
(399825120, 't_14', 21, 600890570, 50134200),
(403365788, 't_26', 1, 724622627, 4992494),
(404504698, 't_1', 18, 513087666, 653879504),
(417134819, 't_41', 10, 862284333, 889631078),
(417391206, 't_91', 20, 996201512, 200416485),
(432734920, 't_93', 7, 311459096, 169007390),
(437832837, 't_39', 7, 72259176, 564863609),
(438636944, 't_87', 23, 28047235, 677650636),
(443456219, 't_93', 11, 261990728, 82503848),
(464824288, 't_84', 5, 330268663, 38755071),
(481497246, 't_92', 4, 914916896, 417763248),
(497306961, 't_84', 22, 752709389, 531526483),
(508451504, 't_79', 0, 590244586, 79954800),
(528838601, 't_33', 18, 7576017, 893420133),
(529643244, 't_30', 13, 582115417, 454122881),
(572528213, 't_88', 27, 610356744, 986019019),
(580068292, 't_15', 14, 723861518, 324081163),
(581186212, 't_41', 5, 720860130, 964639497),
(599316053, 't_55', 1, 193060971, 465891679),
(613223407, 't_63', 20, 39456051, 537830899),
(618342333, 't_56', 29, 70431163, 98302795),
(630544399, 't_5', 0, 182422718, 136079192),
(688236707, 't_67', 15, 656250850, 55093376),
(692196075, 't_79', 22, 142641071, 708257839),
(698303621, 't_58', 6, 774136896, 948572839),
(700825808, 't_89', 24, 624742986, 118898713),
(716882219, 't_35', 19, 637053833, 471890715),
(732855027, 't_80', 12, 605366389, 126067422),
(736582366, 't_61', 4, 155917020, 263795278),
(739531507, 't_48', 18, 344663719, 510515724),
(740355158, 't_68', 21, 572702546, 196245082),
(749678740, 't_97', 18, 896149487, 313349023),
(753642791, 't_40', 9, 826477311, 856567930),
(769125081, 't_61', 12, 83305965, 17071459),
(779397391, 't_15', 26, 363290485, 472040978),
(782480473, 't_21', 12, 61623577, 176355854),
(783951083, 't_91', 14, 49140344, 9567124),
(802187563, 't_45', 18, 411729484, 488257272),
(804601258, 't_38', 0, 79795232, 370921831),
(806556042, 't_0', 24, 339623877, 799546361),
(806964524, 't_98', 14, 294279577, 336087502),
(816553974, 't_13', 16, 92088823, 52015764),
(854787539, 't_6', 0, 913820572, 69075805),
(859923271, 't_4', 22, 792367828, 524363443),
(866922591, 't_58', 11, 178642214, 239502528),
(870910393, 't_84', 4, 78900089, 883743334),
(885259245, 't_41', 10, 119928913, 978757411),
(897677558, 't_17', 25, 49323831, 451609744),
(901942940, 't_25', 18, 769583429, 907594325),
(917728993, 't_45', 9, 570462279, 295113718),
(920239201, 't_63', 4, 828152733, 933917620),
(924255235, 't_74', 7, 752729918, 242703993),
(924723774, 't_48', 10, 292946766, 409919366),
(959381225, 't_67', 13, 621810524, 442036072),
(960769787, 't_10', 19, 683723722, 946970068),
(961260423, 't_0', 2, 992960533, 319246549),
(962445614, 't_58', 18, 259038883, 875236015),
(985586659, 't_53', 16, 781282907, 195426217),
(985984399, 't_68', 29, 509095497, 81664726);

-- --------------------------------------------------------

--
-- Table structure for table `users`
--

CREATE TABLE `users` (
  `_id` int(11) NOT NULL,
  `FirstName` varchar(100) NOT NULL,
  `LastName` varchar(100) NOT NULL,
  `Address_id` int(11) NOT NULL,
  `Debts` int(11) DEFAULT NULL,
  `Phone` varchar(100) NOT NULL,
  `Email` varchar(100) NOT NULL,
  `Registered_at` date DEFAULT NULL,
  `Credit_card_number` varchar(100) NOT NULL,
  `total_spent` int(11) DEFAULT NULL,
  `registered` int(11) NOT NULL
) ENGINE=InnoDB DEFAULT CHARSET=latin1;

--
-- Dumping data for table `users`
--

INSERT INTO `users` (`_id`, `FirstName`, `LastName`, `Address_id`, `Debts`, `Phone`, `Email`, `Registered_at`, `Credit_card_number`, `total_spent`, `registered`) VALUES
(7256955, 'George', 'Yocum', 979169670, 751, '1647739947', 'usbueaqbxt', '2020-12-27', '0603857362', 519258486, 0),
(7779026, 'David', 'Lulloff', 781952360, 152, '5126621810', 'gogorwifwx', '2012-12-29', '9935814275', 550603269, 0),
(11703010, 'Paul', 'Jagtap', 958060951, 772, '4263859983', 'pnonjdzvrn', '2017-12-29', '3279002684', 849775206, 1),
(12773484, 'Ty', 'Fletcher', 781952360, 513, '8653307727', 'jotyreyoby', '2007-11-15', '2812077523', 890059531, 0),
(18774468, 'Aaron', 'Norquist', 603236085, 396, '1549716212', 'ewdcvwxvcr', '2008-11-24', '0529726334', 141533652, 1),
(47350320, 'George', 'Schlicht', 455697060, 419, '8518054750', 'kjfduerdgl', '2000-11-23', '0635620259', 659355065, 0),
(51710298, 'Nathan', 'Jagtap', 895336158, 631, '4788939594', 'ixuvwzsnsa', '2004-11-12', '6371096610', 532374190, 0),
(75940019, 'Thomas', 'Wagner', 864905367, 119, '4599930394', 'zejgjrladh', '2019-11-14', '3466542112', 125267768, 0),
(87271668, 'Monte', 'Lawicki', 481920440, 335, '6651088968', 'yzhtuwtkpb', '2012-11-13', '5966569337', 311204692, 1),
(97267115, 'John', 'Jenson', 603236085, 216, '4823804355', 'ualopcfaqx', '2016-11-18', '5186215859', 29525680, 1),
(99657799, 'Larry', 'Haworth', 838789897, 179, '0869799782', 'yesbikwmyo', '2005-12-23', '6028822292', 904661667, 0),
(123585345, 'Aaron', 'McGinnis', 553479625, 922, '9530322156', 'owwhpuzoeh', '2005-11-27', '3453301113', 707347007, 0),
(124953604, 'Victor', 'Chambers', 151560283, 66, '4080434398', 'ntnjjwybwu', '2014-11-25', '6417974290', 220883752, 1),
(138204262, 'Ike', 'Bongard', 300154550, 786, '5056975621', 'smmvzsyzep', '2017-12-10', '3476708434', 351163488, 1),
(156264194, 'Ty', 'Haworth', 311272708, 499, '1945957461', 'babwbdwxtx', '2012-12-21', '1222266259', 968102484, 0),
(161143060, 'Larry', 'Miller', 83383463, 918, '3632485745', 'ykdgacaihm', '2020-12-23', '4077293484', 945973177, 1),
(204224159, 'Roger', 'Bateman', 605892808, 533, '9964715050', 'ecfxywekmj', '2008-11-13', '2215378119', 126169100, 1),
(205032451, 'Joe', 'Schlicht', 800936533, 935, '5146250170', 'sggxkxfrmw', '2004-12-19', '0005943968', 979771857, 1),
(227100420, 'Mark', 'Norquist', 81809252, 905, '6828628204', 'xveupsofsm', '2016-11-18', '8562545178', 739419079, 0),
(235707655, 'Steve', 'Ulrich', 486851294, 990, '9186033759', 'ytmqswnfup', '2021-12-13', '2482221840', 282501088, 0),
(236679818, 'Ben', 'Davis', 800936533, 165, '7411437677', 'innpnlaodb', '2006-11-11', '2871551396', 50473578, 0),
(246963953, 'Hal', 'Hancock', 657352374, 308, '5157990965', 'hdtomkesgr', '2010-11-14', '7565104255', 410948017, 1),
(272152448, 'Frank', 'Fletcher', 981520797, 447, '7904971323', 'ohhsmhknfl', '2000-11-25', '5242100013', 6018206, 1),
(314947510, 'Thomas', 'Dinkins', 151560283, 972, '5906383296', 'ozbeynoudn', '2013-11-26', '1260893118', 169331987, 1),
(336484876, 'Roger', 'Bateman', 657352374, 918, '6595322300', 'tdwjabprbg', '2008-11-23', '6890358536', 881064851, 0),
(339175089, 'Monte', 'Hydinger', 553479625, 523, '9036419115', 'hjpfhfmyqt', '2000-11-18', '8419840347', 261530279, 1),
(395382599, 'Hal', 'Jenson', 759667798, 127, '1602102209', 'blxrdxdxfb', '2020-12-28', '9755852921', 694461520, 1),
(405590525, 'Steve', 'Dewalt', 605892808, 369, '5066548970', 'iqujxlxcft', '2004-11-25', '3241773457', 260555613, 0),
(408714413, 'John', 'Lawicki', 111583292, 625, '3829782739', 'khonwjubuo', '2009-12-24', '4548493807', 519354289, 1),
(415000685, 'Roger', 'Kalleg', 151560283, 1, '2417338113', 'kkfpnpqfvp', '2014-12-22', '8317186637', 816401264, 1),
(439991450, 'Peter', 'Ripka', 134490741, 214, '6055327190', 'hnodhghpac', '2004-12-24', '7203697536', 560682585, 0),
(507970238, 'Mark', 'Maki', 579832275, 10, '3307441892', 'xcidsnnxip', '2008-11-22', '2971610156', 590415468, 0),
(509317897, 'Hal', 'Anderson', 781952360, 140, '1386881090', 'nbnyfzpacn', '2000-12-20', '8965015246', 837701822, 1),
(513766388, 'Frank', 'Caswell', 949810747, 882, '8081229426', 'shkpzfmsxc', '2007-11-12', '0650751787', 309285514, 0),
(520914771, 'Hal', 'Celedon', 54206424, 920, '4265739172', 'umzxwdtwju', '2018-12-15', '2100266320', 526961559, 1),
(530618096, 'Frank', 'Christensen', 157861123, 733, '7116176291', 'rqyoheyohq', '2009-11-16', '9530410478', 587051101, 1),
(549679765, 'David', 'Chambers', 605892808, 289, '8054752050', 'hrycymtrvq', '2010-12-18', '0732357062', 503261797, 0),
(552112069, 'George', 'Aikin', 111583292, 222, '1327512559', 'bqrltgbmvr', '2013-11-16', '4468395972', 100240567, 1),
(599981830, 'Otto', 'Casal', 329618851, 992, '5132326226', 'eypknjmolz', '2022-11-17', '8042369955', 328728441, 0),
(611191491, 'Larry', 'Eastman', 769422522, 637, '2174281334', 'lrszfqaolo', '2006-11-28', '5377674345', 789298597, 1),
(632017822, 'Otto', 'Turco', 329618851, 92, '5122670769', 'vgrxcqjcvf', '2016-12-14', '7984512580', 758646054, 1),
(653790227, 'Hank', 'Olson', 881066508, 401, '0635124858', 'ytjmxkiavb', '2018-12-29', '3239534869', 386655431, 1),
(656429400, 'David', 'Jones', 462398425, 663, '8309924201', 'hjpawmdqcw', '2003-11-22', '8770901509', 257726035, 1),
(667705172, 'Hank', 'Miller', 81809252, 918, '5055887473', 'rxpkkzpuuy', '2021-11-23', '9493677060', 406810197, 1),
(708529762, 'Frank', 'Ventotla', 553479625, 31, '8654995609', 'ooaburommg', '2022-12-24', '0299436691', 852932556, 0),
(718640970, 'Hank', 'Ory', 902142984, 414, '5215823652', 'gucvzkkrxx', '2022-11-21', '1874253244', 591384008, 0),
(735086835, 'Fred', 'Ulrich', 111583292, 482, '7002431336', 'hdaybfrdin', '2010-11-21', '0377310728', 109877939, 0),
(761079976, 'Hank', 'Pettigrew', 617716389, 563, '5997422950', 'yhpozfzgvp', '2009-12-11', '3695419431', 624975823, 0),
(762427676, 'Edward', 'Schuster', 41047963, 264, '6736357187', 'hqratjwcts', '2010-11-20', '3874525312', 237345704, 1),
(765560338, 'Ty', 'Ory', 81809252, 51, '1871464980', 'onenbjoesg', '2015-11-16', '0465367731', 928422254, 1),
(784023835, 'Joe', 'Schmitt', 112851492, 766, '8125249366', 'nvtgjgritx', '2022-12-12', '0706963591', 959353316, 1),
(799019045, 'George', 'Moody', 256109128, 335, '5327338281', 'chtjvynvfw', '2008-11-19', '4185315686', 172365056, 0),
(818347098, 'Thomas', 'Norquist', 311272708, 100, '2795078336', 'lskifszmqp', '2008-12-26', '5870199614', 561592058, 1),
(822910268, 'Larry', 'Sandstrom', 800936533, 764, '9178993858', 'xmirlpfqwf', '2016-11-20', '4299578867', 411173684, 1),
(838528499, 'Frank', 'Trusela', 553479625, 841, '5940152652', 'bsffqeztbl', '2022-12-11', '7003687094', 773761168, 0),
(851015190, 'Matthew', 'Tisler', 725767308, 983, '2785885980', 'pffglvvuwt', '2013-11-20', '8563818831', 623147065, 0),
(853148441, 'Monte', 'Vogal', 924047537, 318, '5214536066', 'zmhgkjmcnm', '2014-12-20', '2889774396', 419003713, 1),
(877501798, 'Mark', 'Ortiz', 151560283, 830, '3121664351', 'lsysatlxzh', '2003-11-23', '9793640073', 25339131, 1),
(900264407, 'Otto', 'Frick', 311272708, 293, '4879554100', 'vnedhfshvm', '2011-12-16', '3480171018', 599814932, 0),
(964042428, 'George', 'Zeaser', 17576064, 89, '0206937254', 'qdmohnjjze', '2006-12-11', '2531620063', 161222263, 1);

--
-- Indexes for dumped tables
--

--
-- Indexes for table `addresses`
--
ALTER TABLE `addresses`
  ADD PRIMARY KEY (`_id`);

--
-- Indexes for table `deliverylogs`
--
ALTER TABLE `deliverylogs`
  ADD PRIMARY KEY (`_id`),
  ADD KEY `deliveryStatus_fk` (`delivery_status_code`),
  ADD KEY `location_fk` (`location_id`),
  ADD KEY `package_fk` (`package_id`),
  ADD KEY `transport_fk` (`transportation_id`);

--
-- Indexes for table `deliverystatus`
--
ALTER TABLE `deliverystatus`
  ADD PRIMARY KEY (`_id`);

--
-- Indexes for table `packagetype`
--
ALTER TABLE `packagetype`
  ADD PRIMARY KEY (`_id`);

--
-- Indexes for table `receivers`
--
ALTER TABLE `receivers`
  ADD PRIMARY KEY (`_id`),
  ADD KEY `address_fk` (`address_id`);

--
-- Indexes for table `shipment`
--
ALTER TABLE `shipment`
  ADD PRIMARY KEY (`package_id`),
  ADD KEY `cust_id_index` (`cust_id_from`),
  ADD KEY `receiver_id_index` (`receiver_id`),
  ADD KEY `destination_address_id` (`destination_address_id`),
  ADD KEY `deliveryStatus_dfk` (`delivery_status_code`),
  ADD KEY `packageType_fk` (`package_type`);

--
-- Indexes for table `transactions`
--
ALTER TABLE `transactions`
  ADD PRIMARY KEY (`_id`),
  ADD KEY `user_fk` (`customer_id`),
  ADD KEY `shipment_fk` (`shipment_id`);

--
-- Indexes for table `transportation`
--
ALTER TABLE `transportation`
  ADD PRIMARY KEY (`_id`),
  ADD KEY `identification_code` (`identification_code`);

--
-- Indexes for table `users`
--
ALTER TABLE `users`
  ADD PRIMARY KEY (`_id`),
  ADD KEY `Address_id` (`Address_id`),
  ADD KEY `FirstName` (`FirstName`,`LastName`,`Email`,`Credit_card_number`);

--
-- Constraints for dumped tables
--

--
-- Constraints for table `deliverylogs`
--
ALTER TABLE `deliverylogs`
  ADD CONSTRAINT `deliveryStatus_fk` FOREIGN KEY (`delivery_status_code`) REFERENCES `deliverystatus` (`_id`),
  ADD CONSTRAINT `location_fk` FOREIGN KEY (`location_id`) REFERENCES `addresses` (`_id`),
  ADD CONSTRAINT `package_fk` FOREIGN KEY (`package_id`) REFERENCES `shipment` (`package_id`),
  ADD CONSTRAINT `transport_fk` FOREIGN KEY (`transportation_id`) REFERENCES `transportation` (`_id`);

--
-- Constraints for table `receivers`
--
ALTER TABLE `receivers`
  ADD CONSTRAINT `address_fk` FOREIGN KEY (`address_id`) REFERENCES `addresses` (`_id`);

--
-- Constraints for table `shipment`
--
ALTER TABLE `shipment`
  ADD CONSTRAINT `customer_fk` FOREIGN KEY (`cust_id_from`) REFERENCES `users` (`_id`),
  ADD CONSTRAINT `deliveryStatus_dfk` FOREIGN KEY (`delivery_status_code`) REFERENCES `deliverystatus` (`_id`),
  ADD CONSTRAINT `destination_fk` FOREIGN KEY (`destination_address_id`) REFERENCES `addresses` (`_id`),
  ADD CONSTRAINT `packageType_fk` FOREIGN KEY (`package_type`) REFERENCES `packagetype` (`_id`),
  ADD CONSTRAINT `receiver_fk` FOREIGN KEY (`receiver_id`) REFERENCES `receivers` (`_id`);

--
-- Constraints for table `transactions`
--
ALTER TABLE `transactions`
  ADD CONSTRAINT `shipment_fk` FOREIGN KEY (`shipment_id`) REFERENCES `shipment` (`package_id`),
  ADD CONSTRAINT `user_fk` FOREIGN KEY (`customer_id`) REFERENCES `users` (`_id`);

--
-- Constraints for table `users`
--
ALTER TABLE `users`
  ADD CONSTRAINT `users_ibfk_1` FOREIGN KEY (`Address_id`) REFERENCES `addresses` (`_id`);
COMMIT;

/*!40101 SET CHARACTER_SET_CLIENT=@OLD_CHARACTER_SET_CLIENT */;
/*!40101 SET CHARACTER_SET_RESULTS=@OLD_CHARACTER_SET_RESULTS */;
/*!40101 SET COLLATION_CONNECTION=@OLD_COLLATION_CONNECTION */;
